{"minecraft:recipes/food/cooked_beef_from_smoking":{"criteria":{"has_beef":"2024-11-02 00:54:31 +0000"},"done":true},"minecraft:recipes/decorations/crafting_table":{"criteria":{"unlock_right_away":"2024-11-02 00:53:34 +0000"},"done":true},"minecraft:adventure/root":{"criteria":{"killed_something":"2024-11-02 00:54:29 +0000"},"done":true},"minecraft:adventure/adventuring_time":{"criteria":{"minecraft:taiga":"2024-11-02 00:53:35 +0000"},"done":false},"minecraft:recipes/food/cooked_beef":{"criteria":{"has_beef":"2024-11-02 00:54:31 +0000"},"done":true},"minecraft:recipes/food/cooked_beef_from_campfire_cooking":{"criteria":{"has_beef":"2024-11-02 00:54:31 +0000"},"done":true},"DataVersion":4082}